{
  "meta": {
    "PType": "Lichtruf",								//Anlagentyp
    "Wtype": "4Q",										//Wartungstyp (1J= jährlich, 2Q=halbjährlich, 4Q=Quartalsweise
    "schemaVersion": "3.0",
    "generatedAt": "2025-08-22T11:56:18Z"
  },
  "Protokol" :{
	"MelderTypes": ["AM","NAM","ZD","DB","TD","TM","LI","RAS"]	//Melder typen, benötigt für den Editor
	"Anlagen" :{										//Anlagen (es könnten mehrere da sein)
		"Name": "Anlage Nr 1",							//Anlagen  Name (aus der excel dem Sheetname entsprechend, BZW aus dem header ersichtlich)
			"Melder":{									//Erste Tabelle, beiinhaltet die eigenldichen Melder
				"head": {									
					"rows": [								//Tabellenkopf, kann mehrzeilig sein
						["Bereich","","Station","","Zimmer","","","","","","Bad","","","","Kurz- zeichen"],
						["Name","","Nummer","","Nr.","Name","","","","","Nr.","Name","","","","Abk."]
					],
					"spans": [											// Optional, wenn mehrzeilig
						{"r0":0,"c0":2,"r1":0,"c1":3,"label":"Station"},
						{"r0":0,"c0":4,"r1":0,"c1":9,"label":"Zimmer"},
						{"r0":0,"c0":10,"r1":0,"c1":11,"label":"Bad"},
						{"r0":0,"c0":15,"r1":1,"c1":15,"label":"Kurz-\nzeichen"}
						// … Beispiel: zusammengefasste Kopfzellen aus Excel
					]
				},
				"grid": {
					"rowCount": 165,
					"colCount": 16,
					"columnsEditable": [1:"String",2:"int",3:"string",4:"bool"] //für den editor modus, was in die jeweiligen Spalten eingetrgen werden kann. wenn nicht definiert, ist im editor modus der meldertyp wählbar.bei none ist das feld nicht editirbar.
					"cells": [
						  {"r":0,"c":0,"v":"intensiv","t":""},
						  {"r":0,"c":2,"v":"01","t":"ZT"},
						  {"r":0,"c":4,"v":"Q1","t":"AT"},
						  {"r":0,"c":5,"v":"","t":"AT"},
						  {"r":10,"c":0,"v":"","t":""}
						  // … nur echte Werte; Zellen mit „-” werden weggelassen. r=row,c=column,v=value,t=type
					]
				}
			},
			"Hardware": {									//zweite tabelle, beiinhaltet die Hardware Module. ( Optional)
				"head": {									
					"rows": [								//Tabellenkopf, kann mehrzeilig sein
						["Ringkarte","Version","Unterbrechung","Störung","Funktion"],
					]
				},
				"grid": {
					"rowCount": 4,
					"colCount": 16,
					"columnsEditable": [1:"String",2:"String",3:"none",4:"none",5:"none"]
					"cells": [
							{"r":0,"c":0,"v":"Ring001","t":""},
							{"r":0,"c":1,"v":"version A","t":""},
							{"r":0,"c":2,"v":"","t":""},
							{"r":0,"c":3,"v":"","t":""},
							{"r":0,"c":4,"v":"","t":""},
					]
				}
			}
		}
}
